year,income
2020,41288.69409441762
2021,42117.15916964039
2022,42945.624244862935
